subreddit,predicted,percentage
IsItMrKrabsBirthday,Neutral,1.0
FiftyFifty,Neutral,1.0
nocontextpics,Neutral,0.9859154929577465
hardwareswap,Neutral,0.984251968503937
androidapps,Neutral,0.9512195121951219
shittymoviedetails,Neutral,0.9473684210526315
todayilearned,Neutral,0.934761441090555
tipofmytongue,Neutral,0.9337209302325581
AskHistorians,Neutral,0.9265175718849841
MovieDetails,Neutral,0.9263157894736842
tipofmyjoystick,Neutral,0.9230769230769231
ClashOfClansRecruit,Neutral,0.9230769230769231
NameThatSong,Neutral,0.9195402298850575
translator,Neutral,0.9155844155844156
changemyview,Neutral,0.8939393939393939
whowouldwin,Neutral,0.8933717579250721
AskScienceFiction,Neutral,0.8888888888888888
borrow,Neutral,0.8888888888888888
Postboxes,Neutral,0.8846153846153846
RedLetterMedia,Neutral,0.88
CapitalismVSocialism,Neutral,0.88
SteamGameSwap,Neutral,0.8769230769230769
NorthAttleboroMA,Neutral,0.8736842105263158
CrazyIdeas,Neutral,0.8716814159292036
The3Million,Neutral,0.8701298701298701
history,Neutral,0.8666666666666667
food,Neutral,0.8626086956521739
ScenesFromAHat,Neutral,0.8623853211009175
AskEurope,Neutral,0.8608695652173913
socialmedia,Neutral,0.86
MovieSuggestions,Neutral,0.8598130841121495
AskReddit,Neutral,0.8587300666859959
discordservers,Neutral,0.8571428571428571
popheads,Neutral,0.8571428571428571
politics,Neutral,0.8506998444790047
shittyaskscience,Neutral,0.8476190476190476
GameSale,Neutral,0.8461538461538461
legaladviceofftopic,Neutral,0.8441558441558441
tattoos,Neutral,0.8432835820895522
suggestmeabook,Neutral,0.8421052631578947
nottheonion,Neutral,0.8407960199004975
gamingsuggestions,Neutral,0.8394160583941606
AskAnAmerican,Neutral,0.8376068376068376
movies,Neutral,0.836027713625866
whatstheword,Neutral,0.8351648351648352
Android,Neutral,0.8333333333333334
EnglishLearning,Neutral,0.8317757009345794
soccer,Neutral,0.8298755186721992
news,Neutral,0.8280542986425339
fakehistoryporn,Neutral,0.821917808219178
AskWomen,Neutral,0.8208955223880597
worldnews,Neutral,0.820040899795501
AndroidGaming,Neutral,0.82
funkoswap,Neutral,0.8151260504201681
PhotoshopRequest,Neutral,0.8070175438596491
booksuggestions,Neutral,0.8055555555555556
horror,Neutral,0.8043478260869565
dataisbeautiful,Neutral,0.8035714285714286
HistoryWhatIf,Neutral,0.8035714285714286
KotakuInAction,Neutral,0.8026315789473685
WritingPrompts,Neutral,0.80083857442348
OculusQuest,Neutral,0.8
nba,Neutral,0.7991543340380549
CFB,Neutral,0.7981651376146789
SonicTheHedgehog,Neutral,0.796875
KingdomHearts,Neutral,0.7962962962962963
starterpacks,Neutral,0.7959183673469388
investing,Neutral,0.7916666666666666
Marvel,Neutral,0.7916666666666666
gamecollecting,Neutral,0.7910447761194029
unitedkingdom,Neutral,0.7901234567901234
AskCulinary,Neutral,0.7894736842105263
Art,Neutral,0.7889908256880734
shittysuperpowers,Neutral,0.7872340425531915
Fishing,Neutral,0.7848101265822784
boxoffice,Neutral,0.7848101265822784
lotr,Neutral,0.7837837837837838
explainlikeimfive,Neutral,0.7833333333333333
buildapcsales,Neutral,0.7831325301204819
HalfLife,Neutral,0.782608695652174
godtiersuperpowers,Neutral,0.78
pcgaming,Neutral,0.7796610169491526
AskRedditAfterDark,Neutral,0.7794871794871795
Cooking,Neutral,0.7793427230046949
youtube,Neutral,0.7791411042944786
Juve,Neutral,0.7790697674418605
Conservative,Neutral,0.7777777777777778
DrakeTheType,Neutral,0.7777777777777778
MixedRaceGirls,Neutral,0.7758620689655172
NoStupidQuestions,Neutral,0.7727943346119799
polls,Neutral,0.7725118483412322
space,Neutral,0.7721518987341772
AskMen,Neutral,0.7716701902748414
AskEngineers,Neutral,0.7692307692307693
ukpolitics,Neutral,0.768
Baking,Neutral,0.7666666666666667
blackmirror,Neutral,0.765625
AndroidQuestions,Neutral,0.7647058823529411
ACTrade,Neutral,0.7647058823529411
AntiJokes,Neutral,0.7647058823529411
Libertarian,Neutral,0.7642276422764228
SmallYTChannel,Neutral,0.7636363636363637
excel,Neutral,0.7611940298507462
television,Neutral,0.7611940298507462
smallbusiness,Neutral,0.76
shittyaskreddit,Neutral,0.759493670886076
AskWomenOver30,Neutral,0.7586206896551724
india,Neutral,0.7586206896551724
vinyl,Neutral,0.7586206896551724
MMA,Neutral,0.7583333333333333
AskScienceDiscussion,Neutral,0.7580645161290323
residentevil,Neutral,0.7580645161290323
entitledparents,Neutral,0.7571428571428571
nfl,Neutral,0.7549407114624506
mildlyinteresting,Neutral,0.7546063651591289
netflix,Neutral,0.7540983606557377
worldbuilding,Neutral,0.7536231884057971
whatcarshouldIbuy,Neutral,0.7534246575342466
AnythingGoesNews,Neutral,0.7529411764705882
iphone,Neutral,0.75
askscience,Neutral,0.75
languagelearning,Neutral,0.75
Gamingcirclejerk,Neutral,0.75
Gunners,Neutral,0.75
applehelp,Neutral,0.75
interestingasfuck,Neutral,0.7471264367816092
DirtyWritingPrompts,Neutral,0.7469879518072289
spotify,Neutral,0.7468354430379747
Coffee,Neutral,0.7464788732394366
40kLore,Neutral,0.746268656716418
Silverbugs,Neutral,0.746031746031746
comicbooks,Neutral,0.7452830188679245
retrogaming,Neutral,0.7450980392156863
europe,Neutral,0.7450980392156863
apple,Neutral,0.744
Filmmakers,Neutral,0.7435897435897436
Showerthoughts,Neutral,0.7434287043498488
answers,Neutral,0.7407407407407407
learnjavascript,Neutral,0.74
unpopularopinion,Neutral,0.7398589065255732
Disneyland,Neutral,0.7391304347826086
HumansBeingBros,Neutral,0.7391304347826086
FoodPorn,Neutral,0.7385892116182573
halloween,Neutral,0.7377049180327869
worldpolitics,Neutral,0.736318407960199
PersonalFinanceCanada,Neutral,0.734375
classicalmusic,Neutral,0.734375
atheism,Neutral,0.7342995169082126
marvelstudios,Neutral,0.7342465753424657
Watches,Neutral,0.7340425531914894
conspiracy,Neutral,0.7336683417085427
AskUK,Neutral,0.7321428571428571
science,Neutral,0.7317073170731707
LiveFromNewYork,Neutral,0.7301587301587301
Animesuggest,Neutral,0.7290322580645161
Instagramreality,Neutral,0.7283950617283951
shittyfoodporn,Neutral,0.7278481012658228
StarWars,Neutral,0.7275641025641025
OutOfTheLoop,Neutral,0.7272727272727273
yugioh,Neutral,0.7272727272727273
CanadaPublicServants,Neutral,0.7272727272727273
grammar,Neutral,0.7272727272727273
whatisthisthing,Neutral,0.7270408163265306
AmericanHorrorStory,Neutral,0.726027397260274
YouTube_startups,Neutral,0.7258064516129032
FanTheories,Neutral,0.7254901960784313
Jokes,Neutral,0.7248134328358209
Stellaris,Neutral,0.7247706422018348
cars,Neutral,0.7222222222222222
baseball,Neutral,0.7222222222222222
civ,Neutral,0.7205882352941176
GalaxyS9,Neutral,0.72
firstworldproblems,Neutral,0.72
DCcomics,Neutral,0.7183098591549296
patientgamers,Neutral,0.7169811320754716
natureismetal,Neutral,0.7169811320754716
thesims,Neutral,0.7164948453608248
ContestOfChampions,Neutral,0.7164179104477612
Entrepreneur,Neutral,0.7159090909090909
cscareerquestions,Neutral,0.7155172413793104
Xcom,Neutral,0.7142857142857143
WWEGames,Neutral,0.7142857142857143
canada,Neutral,0.7142857142857143
questions,Neutral,0.7142857142857143
gamemusic,Neutral,0.7125
nier,Neutral,0.7121212121212122
fo4,Neutral,0.7114093959731543
findareddit,Neutral,0.7108108108108108
Damnthatsinteresting,Neutral,0.7105263157894737
AskNYC,Neutral,0.71
MensRights,Neutral,0.7096774193548387
gamedev,Neutral,0.7090909090909091
SandersForPresident,Neutral,0.7088607594936709
PublicFreakout,Neutral,0.7079646017699115
videos,Neutral,0.7079107505070994
LifeProTips,Neutral,0.7068273092369478
tea,Neutral,0.7065217391304348
skyrimmods,Neutral,0.7046632124352331
blunderyears,Neutral,0.704225352112676
laptops,Neutral,0.7037037037037037
3DS,Neutral,0.7037037037037037
ask,Neutral,0.7028571428571428
Coronavirus,Neutral,0.7028301886792453
dadjokes,Neutral,0.7025316455696202
SquaredCircle,Neutral,0.702247191011236
Madden,Neutral,0.7014925373134329
darkjokes,Neutral,0.7007299270072993
zelda,Neutral,0.7
WouldYouRather,Neutral,0.7
CitiesSkylines,Neutral,0.7
SuggestALaptop,Neutral,0.7
